-- MySQL dump 10.13  Distrib 5.7.17, for macos10.12 (x86_64)
--
-- Host: 127.0.0.1    Database: bigfans_payment
-- ------------------------------------------------------
-- Server version	5.6.26

/*!40101 SET @OLD_CHARACTER_SET_CLIENT=@@CHARACTER_SET_CLIENT */;
/*!40101 SET @OLD_CHARACTER_SET_RESULTS=@@CHARACTER_SET_RESULTS */;
/*!40101 SET @OLD_COLLATION_CONNECTION=@@COLLATION_CONNECTION */;
/*!40101 SET NAMES utf8 */;
/*!40103 SET @OLD_TIME_ZONE=@@TIME_ZONE */;
/*!40103 SET TIME_ZONE='+00:00' */;
/*!40014 SET @OLD_UNIQUE_CHECKS=@@UNIQUE_CHECKS, UNIQUE_CHECKS=0 */;
/*!40014 SET @OLD_FOREIGN_KEY_CHECKS=@@FOREIGN_KEY_CHECKS, FOREIGN_KEY_CHECKS=0 */;
/*!40101 SET @OLD_SQL_MODE=@@SQL_MODE, SQL_MODE='NO_AUTO_VALUE_ON_ZERO' */;
/*!40111 SET @OLD_SQL_NOTES=@@SQL_NOTES, SQL_NOTES=0 */;

--
-- Table structure for table `Order`
--

DROP TABLE IF EXISTS `Order`;
/*!40101 SET @saved_cs_client     = @@character_set_client */;
/*!40101 SET character_set_client = utf8 */;
CREATE TABLE `Order` (
  `id` int(11) NOT NULL AUTO_INCREMENT,
  `create_date` datetime DEFAULT CURRENT_TIMESTAMP,
  `update_date` datetime DEFAULT CURRENT_TIMESTAMP,
  `deleted` tinyint(1) DEFAULT '0',
  `user_id` int(11) DEFAULT NULL,
  `is_point_used` tinyint(1) DEFAULT '0',
  `gained_point` float DEFAULT '0',
  `used_point` float DEFAULT '0',
  `point_deduction_total` decimal(5,2) DEFAULT '0.00',
  `prod_total_price` decimal(5,2) DEFAULT '0.00' COMMENT '商品总价格(不算运费和订单活动优惠)',
  `total_price` decimal(5,2) DEFAULT '0.00' COMMENT '最终应付款',
  `payment_id` int(11) DEFAULT NULL,
  `paymethod_code` char(8) DEFAULT NULL,
  `paymethod_name` varchar(20) DEFAULT NULL,
  `is_coupon_used` tinyint(1) DEFAULT '0',
  `used_coupon_msg` varchar(45) DEFAULT NULL COMMENT '优惠劵信息',
  `coupon_deduction_total` decimal(5,2) DEFAULT '0.00',
  `freight` decimal(5,2) DEFAULT '0.00',
  `balance_deduction_total` decimal(5,2) DEFAULT '0.00',
  `is_balance_used` tinyint(1) DEFAULT '0',
  `used_balance` decimal(5,2) DEFAULT '0.00',
  `prod_total_quantity` smallint(5) DEFAULT NULL,
  PRIMARY KEY (`id`)
) ENGINE=InnoDB AUTO_INCREMENT=127 DEFAULT CHARSET=utf8;
/*!40101 SET character_set_client = @saved_cs_client */;

--
-- Dumping data for table `Order`
--

LOCK TABLES `Order` WRITE;
/*!40000 ALTER TABLE `Order` DISABLE KEYS */;
INSERT INTO `Order` VALUES (2,'2016-03-12 14:20:47','2016-03-12 14:20:47',0,2,0,13.8,0,0.00,0.00,13.80,NULL,NULL,NULL,0,NULL,0.00,0.00,0.00,0,0.00,NULL),(5,'2016-05-14 08:41:07','2016-05-14 08:41:07',0,2,0,13.8,0,0.00,0.00,13.80,NULL,NULL,NULL,0,NULL,0.00,0.00,0.00,0,0.00,NULL),(6,'2016-05-14 09:53:31','2016-05-14 09:53:31',0,2,0,13.8,0,0.00,0.00,13.80,NULL,NULL,NULL,0,NULL,0.00,0.00,0.00,0,0.00,NULL),(7,'2016-05-14 09:55:25','2016-05-14 09:55:25',0,2,0,13.8,0,0.00,0.00,13.80,NULL,NULL,NULL,0,NULL,0.00,0.00,0.00,0,0.00,NULL),(8,'2016-03-25 07:56:49','2016-03-25 07:56:49',0,2,0,13.8,0,0.00,0.00,13.80,NULL,NULL,NULL,0,NULL,0.00,0.00,0.00,0,0.00,NULL),(14,'2016-04-09 10:49:40','2016-04-09 10:49:40',0,2,0,8.9,0,0.00,0.00,8.90,NULL,NULL,NULL,0,NULL,0.00,0.00,0.00,0,0.00,NULL),(15,'2016-04-09 10:50:13','2016-04-09 10:50:13',0,2,0,8.9,0,0.00,0.00,8.90,NULL,NULL,NULL,0,NULL,0.00,0.00,0.00,0,0.00,NULL),(16,'2016-04-09 10:56:41','2016-04-09 10:56:41',0,2,0,8.9,0,0.00,0.00,8.90,NULL,NULL,NULL,0,NULL,0.00,0.00,0.00,0,0.00,NULL),(17,'2016-04-09 10:59:46','2016-04-09 10:59:46',0,2,0,8.9,0,0.00,0.00,8.90,NULL,NULL,NULL,0,NULL,0.00,0.00,0.00,0,0.00,NULL),(18,'2016-04-09 11:05:00','2016-04-09 11:05:00',0,2,0,8.9,0,0.00,0.00,8.90,NULL,NULL,NULL,0,NULL,0.00,0.00,0.00,0,0.00,NULL),(19,'2016-04-09 11:06:18','2016-04-09 11:06:18',0,2,0,8.9,0,0.00,0.00,8.90,NULL,NULL,NULL,0,NULL,0.00,0.00,0.00,0,0.00,NULL),(20,'2016-04-09 12:08:30','2016-04-09 12:08:30',0,2,0,8.9,0,0.00,0.00,8.90,NULL,NULL,NULL,0,NULL,0.00,0.00,0.00,0,0.00,NULL),(21,'2016-04-09 12:11:43','2016-04-09 12:11:43',0,2,0,8.9,0,0.00,0.00,8.90,NULL,NULL,NULL,0,NULL,0.00,0.00,0.00,0,0.00,NULL),(22,'2016-04-09 12:12:21','2016-04-09 12:12:21',0,2,0,8.9,0,0.00,0.00,8.90,NULL,NULL,NULL,0,NULL,0.00,0.00,0.00,0,0.00,NULL),(24,'2016-05-01 16:14:02','2016-05-01 16:14:02',0,2,0,1300,0,0.00,0.00,13.00,NULL,NULL,NULL,0,NULL,0.00,0.00,0.00,0,0.00,NULL),(25,'2016-05-14 15:08:41','2016-05-14 15:08:41',0,2,0,1300,0,0.00,0.00,13.00,NULL,NULL,NULL,0,NULL,0.00,0.00,0.00,0,0.00,NULL),(26,'2016-05-21 17:02:34','2016-05-21 17:02:34',0,2,0,3300,0,0.00,0.00,33.00,NULL,NULL,NULL,0,NULL,0.00,0.00,0.00,0,0.00,NULL),(27,'2016-05-21 17:02:41','2016-05-21 17:02:41',0,2,0,3300,0,0.00,0.00,33.00,NULL,NULL,NULL,0,NULL,0.00,0.00,0.00,0,0.00,NULL),(28,'2016-05-21 17:03:12','2016-05-21 17:03:12',0,2,0,3300,0,0.00,0.00,33.00,NULL,NULL,NULL,0,NULL,0.00,0.00,0.00,0,0.00,NULL),(29,'2016-05-24 10:08:39','2016-05-24 10:08:39',0,2,0,4100,0,0.00,0.00,41.00,NULL,NULL,NULL,0,NULL,0.00,0.00,0.00,0,0.00,NULL),(30,'2016-05-28 15:57:17','2016-05-28 15:57:17',0,2,0,4100,0,0.00,0.00,41.00,NULL,NULL,NULL,0,NULL,0.00,0.00,0.00,0,0.00,NULL),(31,'2016-12-19 08:57:27','2016-12-19 08:57:27',0,2,0,12640,0,0.00,126.40,126.40,NULL,'1','在线支付',0,NULL,0.00,0.00,0.00,0,0.00,NULL),(35,'2016-12-19 09:16:23','2016-12-19 09:16:23',0,2,0,12640,0,0.00,126.40,126.40,NULL,'1','在线支付',0,NULL,0.00,0.00,0.00,0,0.00,NULL),(37,'2016-12-20 10:55:55','2016-12-20 10:55:55',0,2,0,15400,0,0.00,154.00,154.00,NULL,'1','在线支付',0,NULL,0.00,0.00,0.00,0,0.00,NULL),(38,'2016-12-20 10:56:12','2016-12-20 10:56:12',0,2,0,15400,0,0.00,154.00,154.00,NULL,'1','在线支付',0,NULL,0.00,0.00,0.00,0,0.00,NULL),(39,'2016-12-20 10:56:27','2016-12-20 10:56:27',0,2,0,15400,0,0.00,154.00,154.00,NULL,'1','在线支付',0,NULL,0.00,0.00,0.00,0,0.00,NULL),(40,'2016-12-20 10:57:56','2016-12-20 10:57:56',0,2,0,15400,0,0.00,154.00,154.00,NULL,'1','在线支付',0,NULL,0.00,0.00,0.00,0,0.00,NULL),(41,'2016-12-20 10:58:06','2016-12-20 10:58:06',0,2,0,15400,0,0.00,154.00,154.00,NULL,'1','在线支付',0,NULL,0.00,0.00,0.00,0,0.00,NULL),(42,'2016-12-20 10:58:07','2016-12-20 10:58:07',0,2,0,15400,0,0.00,154.00,154.00,NULL,'1','在线支付',0,NULL,0.00,0.00,0.00,0,0.00,NULL),(43,'2016-12-20 10:58:46','2016-12-20 10:58:46',0,2,0,15400,0,0.00,154.00,154.00,NULL,'1','在线支付',0,NULL,0.00,0.00,0.00,0,0.00,NULL),(44,'2016-12-20 11:08:18','2016-12-20 11:08:18',0,2,0,15400,0,0.00,154.00,154.00,NULL,'1','在线支付',0,NULL,0.00,0.00,0.00,0,0.00,NULL),(45,'2016-12-20 11:09:31','2016-12-20 11:09:31',0,2,0,15400,0,0.00,154.00,154.00,NULL,'1','在线支付',0,NULL,0.00,0.00,0.00,0,0.00,NULL),(46,'2016-12-20 11:10:02','2016-12-20 11:10:02',0,2,0,15400,0,0.00,154.00,154.00,NULL,'1','在线支付',0,NULL,0.00,0.00,0.00,0,0.00,NULL),(47,'2016-12-20 11:54:54','2016-12-20 11:54:54',0,2,0,15400,0,0.00,154.00,154.00,NULL,'1','在线支付',0,NULL,0.00,0.00,0.00,0,0.00,NULL),(48,'2016-12-21 08:57:48','2016-12-21 08:57:48',0,2,0,15400,0,0.00,154.00,154.00,NULL,'1','在线支付',0,NULL,0.00,0.00,0.00,0,0.00,NULL),(49,'2016-12-26 09:53:59','2016-12-26 09:53:59',0,2,0,15400,0,0.00,154.00,154.00,NULL,'1','在线支付',0,NULL,0.00,0.00,0.00,0,0.00,NULL),(52,'2018-03-20 20:15:50','2018-03-20 20:15:50',0,23,0,0,0,0.00,0.00,154.00,NULL,'alipay','支付宝',0,NULL,0.00,5.00,0.00,0,0.00,NULL),(53,'2018-03-20 20:19:08','2018-03-20 20:19:08',0,23,0,0,0,0.00,0.00,154.00,NULL,'alipay','支付宝',0,NULL,0.00,5.00,0.00,0,0.00,NULL),(55,'2018-03-20 20:26:04','2018-03-20 20:26:04',0,23,0,0,0,0.00,0.00,154.00,NULL,'alipay','支付宝',0,NULL,0.00,5.00,0.00,0,0.00,NULL),(56,'2018-03-20 20:29:26','2018-03-20 20:29:26',0,23,0,0,0,0.00,0.00,154.00,NULL,'alipay','支付宝',0,NULL,0.00,5.00,0.00,0,0.00,NULL),(57,'2018-03-21 20:19:02','2018-03-21 20:19:02',0,23,0,0,0,0.00,154.00,154.00,NULL,'alipay','支付宝',0,NULL,0.00,5.00,0.00,0,0.00,NULL),(64,'2018-04-08 18:03:46','2018-04-08 18:03:46',0,23,0,0,0,0.00,29.20,0.00,NULL,'alipay','支付宝',0,NULL,0.00,0.00,0.00,0,0.00,NULL),(65,'2018-04-09 20:08:29','2018-04-09 20:08:29',0,23,0,0,0,0.00,29.20,0.00,NULL,'alipay','支付宝',0,NULL,0.00,0.00,0.00,0,0.00,NULL),(66,'2018-04-09 20:10:41','2018-04-09 20:10:41',0,23,0,0,0,0.00,29.20,0.00,NULL,'alipay','支付宝',0,NULL,0.00,0.00,0.00,0,0.00,NULL),(67,'2018-04-09 20:13:13','2018-04-09 20:13:13',0,23,0,0,0,0.00,29.20,26.20,NULL,'alipay','支付宝',0,NULL,0.00,0.00,0.00,0,0.00,NULL),(68,'2018-04-09 21:16:46','2018-04-09 21:16:46',0,23,0,0,0,0.00,29.20,26.20,NULL,'alipay','支付宝',0,NULL,0.00,0.00,0.00,0,0.00,NULL),(69,'2018-04-09 21:50:12','2018-04-09 21:50:12',0,23,0,0,0,0.00,29.20,26.20,NULL,'alipay','支付宝',0,NULL,0.00,0.00,0.00,0,0.00,NULL),(74,'2018-04-10 19:36:53','2018-04-10 19:36:53',0,23,0,0,0,0.00,29.20,26.20,NULL,'alipay','支付宝',0,NULL,0.00,0.00,0.00,0,0.00,NULL),(75,'2018-04-10 20:20:59','2018-04-10 20:20:59',0,23,0,0,0,0.00,29.20,26.20,NULL,'alipay','支付宝',0,NULL,0.00,0.00,0.00,0,0.00,NULL),(91,'2018-04-11 21:09:59','2018-04-11 21:09:59',0,NULL,0,0,0,0.00,61.20,53.20,NULL,'alipay',NULL,0,NULL,0.00,0.00,0.00,0,0.00,12),(92,'2018-04-11 21:36:03','2018-04-11 21:36:03',0,23,0,0,0,0.00,61.20,53.20,NULL,'alipay',NULL,0,NULL,0.00,0.00,0.00,0,0.00,12),(93,'2018-04-11 21:39:27','2018-04-11 21:39:27',0,23,0,0,0,0.00,61.20,53.20,NULL,'alipay',NULL,0,NULL,0.00,0.00,0.00,0,0.00,12),(99,'2018-04-11 21:47:12','2018-04-11 21:47:12',0,23,0,0,0,0.00,61.20,53.20,NULL,'alipay',NULL,0,NULL,0.00,0.00,0.00,0,0.00,12),(100,'2018-04-11 21:48:12','2018-04-11 21:48:12',0,23,0,0,0,0.00,61.20,53.20,NULL,'alipay',NULL,0,NULL,0.00,0.00,0.00,0,0.00,12),(101,'2018-04-11 21:50:05','2018-04-11 21:50:05',0,23,0,0,0,0.00,61.20,53.20,NULL,'alipay',NULL,0,NULL,0.00,0.00,0.00,0,0.00,12),(102,'2018-04-11 22:00:42','2018-04-11 22:00:42',0,23,0,0,0,0.00,61.20,53.20,NULL,'alipay',NULL,0,NULL,0.00,0.00,0.00,0,0.00,12),(103,'2018-04-11 22:02:07','2018-04-11 22:02:07',0,23,0,0,0,0.00,61.20,53.20,NULL,'alipay',NULL,0,NULL,0.00,0.00,0.00,0,0.00,12),(104,'2018-04-17 22:15:13','2018-04-17 22:15:13',0,23,0,0,0,0.00,41.60,33.60,NULL,'alipay',NULL,0,NULL,0.00,0.00,0.00,0,0.00,11),(105,'2018-04-17 22:22:11','2018-04-17 22:22:11',0,23,0,0,0,0.00,41.60,33.60,NULL,'alipay',NULL,0,NULL,0.00,0.00,0.00,0,0.00,11),(106,'2018-04-17 22:29:56','2018-04-17 22:29:56',0,23,0,0,0,0.00,41.60,33.60,NULL,'alipay',NULL,0,NULL,0.00,0.00,0.00,0,0.00,11),(107,'2018-04-17 22:32:38','2018-04-17 22:32:38',0,23,0,0,0,0.00,41.60,33.60,NULL,'alipay',NULL,0,NULL,0.00,0.00,0.00,0,0.00,11),(108,'2018-04-17 22:33:59','2018-04-17 22:33:59',0,23,0,0,0,0.00,41.60,33.60,NULL,'alipay',NULL,0,NULL,0.00,0.00,0.00,0,0.00,11),(109,'2018-04-17 22:37:28','2018-04-17 22:37:28',0,23,0,0,0,0.00,41.60,33.60,NULL,'alipay',NULL,0,NULL,0.00,0.00,0.00,0,0.00,11),(110,'2018-04-18 07:38:58','2018-04-18 07:38:58',0,23,0,0,0,0.00,41.60,33.60,NULL,'alipay',NULL,0,NULL,0.00,0.00,0.00,0,0.00,11),(117,'2018-04-28 07:35:54','2018-04-28 07:35:54',0,23,0,0,0,0.00,33.60,30.60,NULL,'alipay',NULL,0,NULL,0.00,0.00,0.00,0,0.00,10),(118,'2018-04-28 07:35:54','2018-04-28 07:35:54',0,23,0,0,0,0.00,33.60,30.60,NULL,'alipay',NULL,0,NULL,0.00,0.00,0.00,0,0.00,10),(119,'2018-04-28 07:35:54','2018-04-28 07:35:54',0,23,0,0,0,0.00,33.60,30.60,NULL,'alipay',NULL,0,NULL,0.00,0.00,0.00,0,0.00,10),(120,'2018-04-28 07:35:54','2018-04-28 07:35:54',0,23,0,0,0,0.00,33.60,30.60,NULL,'alipay',NULL,0,NULL,0.00,0.00,0.00,0,0.00,10),(121,'2018-04-28 07:35:54','2018-04-28 07:35:54',0,23,0,0,0,0.00,33.60,30.60,NULL,'alipay',NULL,0,NULL,0.00,0.00,0.00,0,0.00,10),(122,'2018-05-06 20:42:48','2018-05-06 20:42:48',0,23,0,0,0,0.00,33.60,30.60,NULL,'alipay',NULL,0,NULL,0.00,0.00,0.00,0,0.00,10),(123,'2018-05-13 18:59:16','2018-05-13 18:59:16',0,26,0,0,0,0.00,10.20,10.20,NULL,'alipay',NULL,0,NULL,0.00,0.00,0.00,0,0.00,1),(124,'2018-05-13 19:05:13','2018-05-13 19:05:13',0,26,0,0,0,0.00,10.20,10.20,NULL,'alipay',NULL,0,NULL,0.00,0.00,0.00,0,0.00,1),(125,'2018-05-13 19:27:20','2018-05-13 19:27:20',0,26,0,0,0,0.00,34.20,26.20,NULL,'alipay',NULL,0,NULL,0.00,0.00,0.00,0,0.00,4),(126,'2018-05-13 21:28:25','2018-05-13 21:28:25',0,27,0,0,0,0.00,69.50,61.50,NULL,'alipay',NULL,0,NULL,0.00,0.00,0.00,0,0.00,5);
/*!40000 ALTER TABLE `Order` ENABLE KEYS */;
UNLOCK TABLES;

--
-- Table structure for table `PayMethod`
--

DROP TABLE IF EXISTS `PayMethod`;
/*!40101 SET @saved_cs_client     = @@character_set_client */;
/*!40101 SET character_set_client = utf8 */;
CREATE TABLE `PayMethod` (
  `id` int(11) NOT NULL AUTO_INCREMENT,
  `create_date` datetime DEFAULT NULL,
  `update_date` datetime DEFAULT CURRENT_TIMESTAMP,
  `deleted` tinyint(1) DEFAULT '0',
  `code` varchar(15) DEFAULT NULL,
  `name` varchar(20) DEFAULT NULL,
  `url` varchar(100) DEFAULT NULL,
  `is_primary` tinyint(1) DEFAULT '0',
  `order_num` tinyint(1) DEFAULT NULL,
  `parent_id` int(11) DEFAULT NULL,
  `parent_code` char(7) DEFAULT 'online' COMMENT 'online or offline',
  `icon` varchar(100) DEFAULT NULL,
  PRIMARY KEY (`id`)
) ENGINE=InnoDB AUTO_INCREMENT=19 DEFAULT CHARSET=utf8;
/*!40101 SET character_set_client = @saved_cs_client */;

--
-- Dumping data for table `PayMethod`
--

LOCK TABLES `PayMethod` WRITE;
/*!40000 ALTER TABLE `PayMethod` DISABLE KEYS */;
INSERT INTO `PayMethod` VALUES (1,NULL,NULL,0,'online','在线支付',NULL,1,1,NULL,'',NULL),(2,NULL,NULL,0,'offline','货到付款',NULL,0,2,NULL,'',NULL),(3,NULL,NULL,1,'alipay','支付宝','http://localhost:8080/myshop/pay_mock',1,1,1,'online','/resources/img/bank/alipay.png'),(12,'2016-05-01 16:41:56','2016-05-01 16:41:56',0,'ABC-NET','中国农业银行',NULL,0,1,1,'online','/resources/img/bank/bankabc.gif'),(13,'2016-05-01 16:41:56','2016-05-01 16:41:56',0,'CCB-NET','建设银行',NULL,0,2,1,'online','/resources/img/bank/bankccb.gif'),(14,'2016-05-01 16:41:56','2016-05-01 16:41:56',0,'CMBCHINA-NET','招商银行',NULL,0,3,1,'online','/resources/img/bank/bankcmb.gif'),(15,'2016-05-01 16:41:56','2016-05-01 16:41:56',0,'ICBC-NET','中国工商银行',NULL,0,4,1,'online','/resources/img/bank/bankicbc.gif'),(16,'2016-05-01 16:41:56','2016-05-01 16:41:56',0,'BOCO-NET','交通银行',NULL,0,5,1,'online','/resources/img/bank/bankbcc.gif'),(17,'2016-05-01 16:41:56','2016-05-01 16:41:56',0,'CIB-NET','兴业银行',NULL,0,6,1,'online','/resources/img/bank/bankcib.gif'),(18,'2016-05-01 16:41:56','2016-05-01 16:41:56',0,'CMBC-NET','中国民生银行',NULL,0,7,1,'online','/resources/img/bank/bankcmbc.gif');
/*!40000 ALTER TABLE `PayMethod` ENABLE KEYS */;
UNLOCK TABLES;

--
-- Table structure for table `Payment`
--

DROP TABLE IF EXISTS `Payment`;
/*!40101 SET @saved_cs_client     = @@character_set_client */;
/*!40101 SET character_set_client = utf8 */;
CREATE TABLE `Payment` (
  `id` int(11) NOT NULL AUTO_INCREMENT,
  `create_date` datetime DEFAULT NULL,
  `update_date` datetime DEFAULT CURRENT_TIMESTAMP,
  `deleted` tinyint(1) DEFAULT '0',
  `order_id` int(11) DEFAULT NULL,
  `buyer_id` int(11) DEFAULT NULL,
  `type` varchar(8) DEFAULT NULL,
  `status` varchar(8) DEFAULT NULL,
  `pay_amount` float DEFAULT NULL,
  PRIMARY KEY (`id`)
) ENGINE=InnoDB AUTO_INCREMENT=52 DEFAULT CHARSET=utf8;
/*!40101 SET character_set_client = @saved_cs_client */;

--
-- Dumping data for table `Payment`
--

LOCK TABLES `Payment` WRITE;
/*!40000 ALTER TABLE `Payment` DISABLE KEYS */;
INSERT INTO `Payment` VALUES (40,'2018-04-11 21:53:00','2018-04-11 21:53:00',0,99,23,NULL,'SUCCESS',53.2),(41,'2018-04-11 21:53:00','2018-04-11 21:53:00',0,99,23,NULL,'SUCCESS',53.2),(42,'2018-04-11 21:53:00','2018-04-11 21:53:00',0,99,23,NULL,'SUCCESS',53.2),(43,'2018-04-11 21:53:00','2018-04-11 21:53:00',0,100,23,NULL,'SUCCESS',53.2),(44,'2018-04-11 21:53:00','2018-04-11 21:53:00',0,100,23,NULL,'SUCCESS',53.2),(45,'2018-04-11 21:53:02','2018-04-11 21:53:02',0,100,23,NULL,'SUCCESS',53.2),(46,'2018-04-11 22:02:39','2018-04-11 22:02:39',0,103,23,NULL,'SUCCESS',53.2),(47,'2018-04-17 22:38:06','2018-04-17 22:38:06',0,109,23,NULL,'SUCCESS',33.6),(48,'2018-04-18 07:41:59','2018-04-18 07:41:59',0,110,23,NULL,'SUCCESS',33.6),(49,'2018-04-18 07:45:09','2018-04-18 07:45:09',0,110,23,NULL,'SUCCESS',33.6),(50,'2018-04-18 07:45:19','2018-04-18 07:45:19',0,110,23,NULL,'SUCCESS',33.6),(51,'2018-04-18 07:45:31','2018-04-18 07:45:31',0,110,23,NULL,'SUCCESS',33.6);
/*!40000 ALTER TABLE `Payment` ENABLE KEYS */;
UNLOCK TABLES;
/*!40103 SET TIME_ZONE=@OLD_TIME_ZONE */;

/*!40101 SET SQL_MODE=@OLD_SQL_MODE */;
/*!40014 SET FOREIGN_KEY_CHECKS=@OLD_FOREIGN_KEY_CHECKS */;
/*!40014 SET UNIQUE_CHECKS=@OLD_UNIQUE_CHECKS */;
/*!40101 SET CHARACTER_SET_CLIENT=@OLD_CHARACTER_SET_CLIENT */;
/*!40101 SET CHARACTER_SET_RESULTS=@OLD_CHARACTER_SET_RESULTS */;
/*!40101 SET COLLATION_CONNECTION=@OLD_COLLATION_CONNECTION */;
/*!40111 SET SQL_NOTES=@OLD_SQL_NOTES */;

-- Dump completed on 2018-05-13 21:56:00
